Модель,Параметры,MAE_cv,SD_cv
Среднее,{},2.4831425412215475,0.19914236604154376
Ridge,{'alpha': 100.0},2.487671146855245,0.19433220637096904
Случайный лес,"{'max_depth': 3, 'min_samples_leaf': 10, 'n_estimators': 200}",2.495656385825785,0.18074679604534147
Случайный лес,"{'max_depth': 3, 'min_samples_leaf': 1, 'n_estimators': 200}",2.497027696287434,0.18542049972390845
Случайный лес,"{'max_depth': 3, 'min_samples_leaf': 1, 'n_estimators': 100}",2.4988434643497044,0.18091807396500353
Ridge,{'alpha': 10.0},2.4994538220778795,0.1923460408732886
Случайный лес,"{'max_depth': 3, 'min_samples_leaf': 10, 'n_estimators': 100}",2.5015412677545923,0.1785259681106975
Ridge,{'alpha': 1.0},2.509069323611982,0.1936045498010016
Ridge,{'alpha': 0.1},2.510759775769614,0.19365706675967964
Линейная,{},2.510963917723414,0.1936639412970884
Случайный лес,"{'max_depth': None, 'min_samples_leaf': 10, 'n_estimators': 200}",2.513335621366845,0.16394323420199894
kNN,"{'n_neighbors': 30, 'weights': 'distance'}",2.522688641161408,0.16850339815855153
Случайный лес,"{'max_depth': None, 'min_samples_leaf': 10, 'n_estimators': 100}",2.522983682104985,0.15974482089941602
kNN,"{'n_neighbors': 30, 'weights': 'uniform'}",2.5232225975948652,0.17181588432300987
Случайный лес,"{'max_depth': None, 'min_samples_leaf': 1, 'n_estimators': 200}",2.5308619181259773,0.14349111466783868
Случайный лес,"{'max_depth': None, 'min_samples_leaf': 1, 'n_estimators': 100}",2.5347497214253343,0.14800268673448416
kNN,"{'n_neighbors': 15, 'weights': 'uniform'}",2.542523230990144,0.15607538409801955
kNN,"{'n_neighbors': 15, 'weights': 'distance'}",2.5475881070051054,0.15244050116130725
kNN,"{'n_neighbors': 5, 'weights': 'uniform'}",2.723644368026612,0.07869396197191345
kNN,"{'n_neighbors': 5, 'weights': 'distance'}",2.7287244426295962,0.0818861667886845
