Цель,Модель,Выборка,MAE,RMSE,R2
"Модуль, ГПа",Среднее,train,2.4306331736802678,3.0395144105358427,0.0
"Модуль, ГПа",Среднее,test,2.560454621242731,3.1833302716386136,-0.020048392970638984
"Модуль, ГПа",Линейная,train,2.417674817269962,3.006507699098553,0.021600488547261598
"Модуль, ГПа",Линейная,test,2.569067436188913,3.194889128779513,-0.027469551825332506
"Модуль, ГПа",Ridge,train,2.424864708310814,3.026810668115552,0.008341592024363909
"Модуль, ГПа",Ridge,test,2.560377066839807,3.181510448237884,-0.018882458445063532
"Модуль, ГПа",Случайный лес,train,2.282688467148223,2.860505394110941,0.11431940680639707
"Модуль, ГПа",Случайный лес,test,2.589953418899596,3.218675259933594,-0.042825641727702424
"Модуль, ГПа",kNN,train,0.0,0.0,1.0
"Модуль, ГПа",kNN,test,2.590757348209915,3.243216943231404,-0.05878889609201288
"Прочность, МПа",Среднее,train,382.8096509215846,490.00728931415887,0.0
"Прочность, МПа",Среднее,test,378.94617818924144,473.25189149253373,-0.00013136429590421272
"Прочность, МПа",Линейная,train,381.0055898513932,485.05401979568427,0.02011494280855608
"Прочность, МПа",Линейная,test,378.5736151977703,472.0605060012911,0.004897848254864834
"Прочность, МПа",Ridge,train,381.75157614497306,488.22703050883456,0.007253054763644573
"Прочность, МПа",Ridge,test,378.7745389869354,472.6075065512862,0.002590361041424849
"Прочность, МПа",Случайный лес,train,362.21588160480127,458.8248739867574,0.12322364987055756
"Прочность, МПа",Случайный лес,test,379.0778222334358,471.261269097148,0.00826457383423218
"Прочность, МПа",kNN,train,374.91447172039994,477.7959744866946,0.04922031960008044
"Прочность, МПа",kNN,test,381.5281016868869,480.8073387569866,-0.03232039109023632
Соотношение,Среднее,train,0.7122083702017741,0.8970362450585253,0.0
Соотношение,Среднее,test,0.7522930145153263,0.9261070724760712,-0.000626674246361647
Соотношение,"Сеть 64, 32",train,0.694946468751553,0.8764688523717995,0.045330624128304686
Соотношение,"Сеть 64, 32",test,0.7674713473240931,0.9404862998429654,-0.03194041448819762
Соотношение,Сеть 16,train,0.7046238538907317,0.88927840587358,0.017221808292527507
Соотношение,Сеть 16,test,0.772741325705561,0.9457307837385518,-0.04348143211642319
